{
    "rmse": 2.0940114638218743,
    "mae": 0.6806653852288063,
    "r2": 0.8427797392947096
}